"protein_accession"	"sequence_length"	"analysis"	"signature_accession"	"signature_description"	"start_location"	"stop_location"	"e_value"	"interpro_annotations_accession"	"interpro_annotation_description"	"GO-annotation"
"PPA0010"	891	"Coils"	"Coil"	"Coil"	452	486	"-"	"-"	"-"	""
"PPA0055"	218	"Coils"	"Coil"	"Coil"	215	218	"-"	"-"	"-"	""
"PPA0062"	1042	"Coils"	"Coil"	"Coil"	600	620	"-"	"-"	"-"	""
"PPA0068"	456	"Coils"	"Coil"	"Coil"	233	253	"-"	"-"	"-"	""
"PPA0096"	96	"Coils"	"Coil"	"Coil"	93	96	"-"	"-"	"-"	""
"PPA0102"	1340	"Coils"	"Coil"	"Coil"	1292	1312	"-"	"-"	"-"	""
"PPA0162"	1204	"Coils"	"Coil"	"Coil"	935	955	"-"	"-"	"-"	""
"PPA0163"	595	"Coils"	"Coil"	"Coil"	302	322	"-"	"-"	"-"	""
"PPA0174"	546	"Coils"	"Coil"	"Coil"	546	546	"-"	"-"	"-"	""
"PPA0183"	276	"Coils"	"Coil"	"Coil"	91	111	"-"	"-"	"-"	""
"PPA0195"	421	"Coils"	"Coil"	"Coil"	420	421	"-"	"-"	"-"	""
"PPA0205"	107	"Coils"	"Coil"	"Coil"	13	40	"-"	"-"	"-"	""
"PPA0244"	399	"Coils"	"Coil"	"Coil"	236	263	"-"	"-"	"-"	""
"PPA0245"	268	"Coils"	"Coil"	"Coil"	78	107	"-"	"-"	"-"	""
"PPA0275"	225	"Coils"	"Coil"	"Coil"	116	171	"-"	"-"	"-"	""
"PPA0278"	844	"Coils"	"Coil"	"Coil"	446	466	"-"	"-"	"-"	""
"PPA0301"	436	"Coils"	"Coil"	"Coil"	325	345	"-"	"-"	"-"	""
"PPA0343"	701	"Coils"	"Coil"	"Coil"	685	701	"-"	"-"	"-"	""
"PPA0343"	701	"Coils"	"Coil"	"Coil"	240	260	"-"	"-"	"-"	""
"PPA0391"	238	"Coils"	"Coil"	"Coil"	236	238	"-"	"-"	"-"	""
"PPA0439"	258	"Coils"	"Coil"	"Coil"	212	232	"-"	"-"	"-"	""
"PPA0453"	544	"Coils"	"Coil"	"Coil"	384	407	"-"	"-"	"-"	""
"PPA0543"	212	"Coils"	"Coil"	"Coil"	190	210	"-"	"-"	"-"	""
"PPA0561"	168	"Coils"	"Coil"	"Coil"	52	79	"-"	"-"	"-"	""
"PPA0569"	415	"Coils"	"Coil"	"Coil"	268	288	"-"	"-"	"-"	""
"PPA0573"	406	"Coils"	"Coil"	"Coil"	98	118	"-"	"-"	"-"	""
"PPA0573"	406	"Coils"	"Coil"	"Coil"	30	50	"-"	"-"	"-"	""
"PPA0575"	357	"Coils"	"Coil"	"Coil"	137	157	"-"	"-"	"-"	""
"PPA0596"	729	"Coils"	"Coil"	"Coil"	482	509	"-"	"-"	"-"	""
"PPA0617"	305	"Coils"	"Coil"	"Coil"	163	183	"-"	"-"	"-"	""
"PPA0632"	376	"Coils"	"Coil"	"Coil"	54	74	"-"	"-"	"-"	""
"PPA0643"	137	"Coils"	"Coil"	"Coil"	77	97	"-"	"-"	"-"	""
"PPA0651"	245	"Coils"	"Coil"	"Coil"	97	131	"-"	"-"	"-"	""
"PPA0664"	468	"Coils"	"Coil"	"Coil"	442	462	"-"	"-"	"-"	""
"PPA0666"	983	"Coils"	"Coil"	"Coil"	981	983	"-"	"-"	"-"	""
"PPA0682"	601	"Coils"	"Coil"	"Coil"	570	590	"-"	"-"	"-"	""
"PPA0682"	601	"Coils"	"Coil"	"Coil"	532	559	"-"	"-"	"-"	""
"PPA0683"	256	"Coils"	"Coil"	"Coil"	3	30	"-"	"-"	"-"	""
"PPA0698"	267	"Coils"	"Coil"	"Coil"	55	82	"-"	"-"	"-"	""
"PPA0698"	267	"Coils"	"Coil"	"Coil"	88	115	"-"	"-"	"-"	""
"PPA0721"	385	"Coils"	"Coil"	"Coil"	49	97	"-"	"-"	"-"	""
"PPA0721"	385	"Coils"	"Coil"	"Coil"	162	210	"-"	"-"	"-"	""
"PPA0725"	185	"Coils"	"Coil"	"Coil"	123	166	"-"	"-"	"-"	""
"PPA0733"	753	"Coils"	"Coil"	"Coil"	18	38	"-"	"-"	"-"	""
"PPA0765"	361	"Coils"	"Coil"	"Coil"	67	87	"-"	"-"	"-"	""
"PPA0765"	361	"Coils"	"Coil"	"Coil"	145	165	"-"	"-"	"-"	""
"PPA0765"	361	"Coils"	"Coil"	"Coil"	201	221	"-"	"-"	"-"	""
"PPA0765"	361	"Coils"	"Coil"	"Coil"	98	135	"-"	"-"	"-"	""
"PPA0765"	361	"Coils"	"Coil"	"Coil"	270	290	"-"	"-"	"-"	""
"PPA0765"	361	"Coils"	"Coil"	"Coil"	32	52	"-"	"-"	"-"	""
"PPA0766"	146	"Coils"	"Coil"	"Coil"	44	64	"-"	"-"	"-"	""
"PPA0803"	701	"Coils"	"Coil"	"Coil"	679	699	"-"	"-"	"-"	""
"PPA0803"	701	"Coils"	"Coil"	"Coil"	272	292	"-"	"-"	"-"	""
"PPA0811"	125	"Coils"	"Coil"	"Coil"	13	40	"-"	"-"	"-"	""
"PPA0812"	686	"Coils"	"Coil"	"Coil"	225	245	"-"	"-"	"-"	""
"PPA0898"	88	"Coils"	"Coil"	"Coil"	44	64	"-"	"-"	"-"	""
"PPA0925"	449	"Coils"	"Coil"	"Coil"	216	236	"-"	"-"	"-"	""
"PPA0945"	387	"Coils"	"Coil"	"Coil"	155	190	"-"	"-"	"-"	""
"PPA1014"	542	"Coils"	"Coil"	"Coil"	93	148	"-"	"-"	"-"	""
"PPA1014"	542	"Coils"	"Coil"	"Coil"	44	89	"-"	"-"	"-"	""
"PPA1021"	483	"Coils"	"Coil"	"Coil"	78	98	"-"	"-"	"-"	""
"PPA1021"	483	"Coils"	"Coil"	"Coil"	4	24	"-"	"-"	"-"	""
"PPA1026"	950	"Coils"	"Coil"	"Coil"	242	262	"-"	"-"	"-"	""
"PPA1029"	1361	"Coils"	"Coil"	"Coil"	1353	1361	"-"	"-"	"-"	""
"PPA1045"	844	"Coils"	"Coil"	"Coil"	442	462	"-"	"-"	"-"	""
"PPA1073"	446	"Coils"	"Coil"	"Coil"	199	229	"-"	"-"	"-"	""
"PPA1076"	684	"Coils"	"Coil"	"Coil"	116	136	"-"	"-"	"-"	""
"PPA1082"	250	"Coils"	"Coil"	"Coil"	68	88	"-"	"-"	"-"	""
"PPA1093"	233	"Coils"	"Coil"	"Coil"	5	25	"-"	"-"	"-"	""
"PPA1099"	338	"Coils"	"Coil"	"Coil"	241	261	"-"	"-"	"-"	""
"PPA1103"	445	"Coils"	"Coil"	"Coil"	222	249	"-"	"-"	"-"	""
"PPA1103"	445	"Coils"	"Coil"	"Coil"	280	329	"-"	"-"	"-"	""
"PPA1103"	445	"Coils"	"Coil"	"Coil"	42	62	"-"	"-"	"-"	""
"PPA1117"	366	"Coils"	"Coil"	"Coil"	364	366	"-"	"-"	"-"	""
"PPA1134"	1505	"Coils"	"Coil"	"Coil"	592	612	"-"	"-"	"-"	""
"PPA1167"	427	"Coils"	"Coil"	"Coil"	338	358	"-"	"-"	"-"	""
"PPA1167"	427	"Coils"	"Coil"	"Coil"	55	75	"-"	"-"	"-"	""
"PPA1167"	427	"Coils"	"Coil"	"Coil"	122	151	"-"	"-"	"-"	""
"PPA1167"	427	"Coils"	"Coil"	"Coil"	375	395	"-"	"-"	"-"	""
"PPA1178"	892	"Coils"	"Coil"	"Coil"	747	767	"-"	"-"	"-"	""
"PPA1183"	167	"Coils"	"Coil"	"Coil"	155	167	"-"	"-"	"-"	""
"PPA1191"	115	"Coils"	"Coil"	"Coil"	78	98	"-"	"-"	"-"	""
"PPA1198"	281	"Coils"	"Coil"	"Coil"	74	97	"-"	"-"	"-"	""
"PPA1198"	281	"Coils"	"Coil"	"Coil"	237	257	"-"	"-"	"-"	""
"PPA1208"	423	"Coils"	"Coil"	"Coil"	302	329	"-"	"-"	"-"	""
"PPA1223"	110	"Coils"	"Coil"	"Coil"	96	110	"-"	"-"	"-"	""
"PPA1231"	267	"Coils"	"Coil"	"Coil"	159	179	"-"	"-"	"-"	""
"PPA1231"	267	"Coils"	"Coil"	"Coil"	46	66	"-"	"-"	"-"	""
"PPA1238"	146	"Coils"	"Coil"	"Coil"	94	114	"-"	"-"	"-"	""
"PPA1240"	314	"Coils"	"Coil"	"Coil"	267	291	"-"	"-"	"-"	""
"PPA1243"	184	"Coils"	"Coil"	"Coil"	56	90	"-"	"-"	"-"	""
"PPA1243"	184	"Coils"	"Coil"	"Coil"	103	123	"-"	"-"	"-"	""
"PPA1252"	361	"Coils"	"Coil"	"Coil"	2	22	"-"	"-"	"-"	""
"PPA1252"	361	"Coils"	"Coil"	"Coil"	253	283	"-"	"-"	"-"	""
"PPA1252"	361	"Coils"	"Coil"	"Coil"	48	68	"-"	"-"	"-"	""
"PPA1267"	273	"Coils"	"Coil"	"Coil"	239	273	"-"	"-"	"-"	""
"PPA1310"	392	"Coils"	"Coil"	"Coil"	124	144	"-"	"-"	"-"	""
"PPA1316"	1078	"Coils"	"Coil"	"Coil"	464	484	"-"	"-"	"-"	""
"PPA1317"	628	"Coils"	"Coil"	"Coil"	601	621	"-"	"-"	"-"	""
"PPA1319"	1072	"Coils"	"Coil"	"Coil"	217	237	"-"	"-"	"-"	""
"PPA1333"	901	"Coils"	"Coil"	"Coil"	719	739	"-"	"-"	"-"	""
"PPA1334"	222	"Coils"	"Coil"	"Coil"	36	56	"-"	"-"	"-"	""
"PPA1337"	582	"Coils"	"Coil"	"Coil"	375	395	"-"	"-"	"-"	""
"PPA1340"	285	"Coils"	"Coil"	"Coil"	48	68	"-"	"-"	"-"	""
"PPA1340"	285	"Coils"	"Coil"	"Coil"	163	183	"-"	"-"	"-"	""
"PPA1345"	174	"Coils"	"Coil"	"Coil"	33	53	"-"	"-"	"-"	""
"PPA1354"	368	"Coils"	"Coil"	"Coil"	3	23	"-"	"-"	"-"	""
"PPA1354"	368	"Coils"	"Coil"	"Coil"	287	312	"-"	"-"	"-"	""
"PPA1354"	368	"Coils"	"Coil"	"Coil"	52	79	"-"	"-"	"-"	""
"PPA1354"	368	"Coils"	"Coil"	"Coil"	95	115	"-"	"-"	"-"	""
"PPA1373"	81	"Coils"	"Coil"	"Coil"	10	30	"-"	"-"	"-"	""
"PPA1377"	917	"Coils"	"Coil"	"Coil"	703	723	"-"	"-"	"-"	""
"PPA1377"	917	"Coils"	"Coil"	"Coil"	536	556	"-"	"-"	"-"	""
"PPA1377"	917	"Coils"	"Coil"	"Coil"	813	833	"-"	"-"	"-"	""
"PPA1387"	315	"Coils"	"Coil"	"Coil"	298	315	"-"	"-"	"-"	""
"PPA1394"	559	"Coils"	"Coil"	"Coil"	164	191	"-"	"-"	"-"	""
"PPA1399"	316	"Coils"	"Coil"	"Coil"	175	195	"-"	"-"	"-"	""
"PPA1409"	369	"Coils"	"Coil"	"Coil"	81	108	"-"	"-"	"-"	""
"PPA1409"	369	"Coils"	"Coil"	"Coil"	18	38	"-"	"-"	"-"	""
"PPA1414"	268	"Coils"	"Coil"	"Coil"	225	245	"-"	"-"	"-"	""
"PPA1427"	71	"Coils"	"Coil"	"Coil"	48	68	"-"	"-"	"-"	""
"PPA1445"	528	"Coils"	"Coil"	"Coil"	306	326	"-"	"-"	"-"	""
"PPA1447"	396	"Coils"	"Coil"	"Coil"	91	111	"-"	"-"	"-"	""
"PPA1471"	733	"Coils"	"Coil"	"Coil"	273	300	"-"	"-"	"-"	""
"PPA1488"	457	"Coils"	"Coil"	"Coil"	366	386	"-"	"-"	"-"	""
"PPA1518"	184	"Coils"	"Coil"	"Coil"	138	172	"-"	"-"	"-"	""
"PPA1537"	184	"Coils"	"Coil"	"Coil"	103	137	"-"	"-"	"-"	""
"PPA1537"	184	"Coils"	"Coil"	"Coil"	144	178	"-"	"-"	"-"	""
"PPA1538"	532	"Coils"	"Coil"	"Coil"	260	280	"-"	"-"	"-"	""
"PPA1538"	532	"Coils"	"Coil"	"Coil"	90	110	"-"	"-"	"-"	""
"PPA1571"	429	"Coils"	"Coil"	"Coil"	424	429	"-"	"-"	"-"	""
"PPA1572"	253	"Coils"	"Coil"	"Coil"	196	216	"-"	"-"	"-"	""
"PPA1575"	530	"Coils"	"Coil"	"Coil"	259	279	"-"	"-"	"-"	""
"PPA1598"	253	"Coils"	"Coil"	"Coil"	110	130	"-"	"-"	"-"	""
"PPA1602"	65	"Coils"	"Coil"	"Coil"	32	59	"-"	"-"	"-"	""
"PPA1609"	624	"Coils"	"Coil"	"Coil"	240	267	"-"	"-"	"-"	""
"PPA1609"	624	"Coils"	"Coil"	"Coil"	411	438	"-"	"-"	"-"	""
"PPA1609"	624	"Coils"	"Coil"	"Coil"	348	368	"-"	"-"	"-"	""
"PPA1615"	2117	"Coils"	"Coil"	"Coil"	1244	1264	"-"	"-"	"-"	""
"PPA1636"	561	"Coils"	"Coil"	"Coil"	86	106	"-"	"-"	"-"	""
"PPA1636"	561	"Coils"	"Coil"	"Coil"	283	310	"-"	"-"	"-"	""
"PPA1638"	536	"Coils"	"Coil"	"Coil"	246	266	"-"	"-"	"-"	""
"PPA1660"	188	"Coils"	"Coil"	"Coil"	165	185	"-"	"-"	"-"	""
"PPA1688"	339	"Coils"	"Coil"	"Coil"	270	290	"-"	"-"	"-"	""
"PPA1720"	228	"Coils"	"Coil"	"Coil"	10	30	"-"	"-"	"-"	""
"PPA1723"	558	"Coils"	"Coil"	"Coil"	531	551	"-"	"-"	"-"	""
"PPA1753"	497	"Coils"	"Coil"	"Coil"	423	457	"-"	"-"	"-"	""
"PPA1755"	391	"Coils"	"Coil"	"Coil"	376	391	"-"	"-"	"-"	""
"PPA1765"	190	"Coils"	"Coil"	"Coil"	9	29	"-"	"-"	"-"	""
"PPA1825"	178	"Coils"	"Coil"	"Coil"	175	178	"-"	"-"	"-"	""
"PPA1875"	697	"Coils"	"Coil"	"Coil"	205	225	"-"	"-"	"-"	""
"PPA1883"	1293	"Coils"	"Coil"	"Coil"	198	218	"-"	"-"	"-"	""
"PPA1883"	1293	"Coils"	"Coil"	"Coil"	167	194	"-"	"-"	"-"	""
"PPA1933"	433	"Coils"	"Coil"	"Coil"	285	305	"-"	"-"	"-"	""
"PPA1940"	428	"Coils"	"Coil"	"Coil"	422	428	"-"	"-"	"-"	""
"PPA1941"	578	"Coils"	"Coil"	"Coil"	542	562	"-"	"-"	"-"	""
"PPA1948"	214	"Coils"	"Coil"	"Coil"	13	33	"-"	"-"	"-"	""
"PPA1968"	84	"Coils"	"Coil"	"Coil"	36	56	"-"	"-"	"-"	""
"PPA1995"	325	"Coils"	"Coil"	"Coil"	196	216	"-"	"-"	"-"	""
"PPA2006"	80	"Coils"	"Coil"	"Coil"	2	29	"-"	"-"	"-"	""
"PPA2009"	452	"Coils"	"Coil"	"Coil"	332	363	"-"	"-"	"-"	""
"PPA2021"	857	"Coils"	"Coil"	"Coil"	442	462	"-"	"-"	"-"	""
"PPA2021"	857	"Coils"	"Coil"	"Coil"	252	279	"-"	"-"	"-"	""
"PPA2021"	857	"Coils"	"Coil"	"Coil"	413	433	"-"	"-"	"-"	""
"PPA2021"	857	"Coils"	"Coil"	"Coil"	473	493	"-"	"-"	"-"	""
"PPA2027"	425	"Coils"	"Coil"	"Coil"	186	206	"-"	"-"	"-"	""
"PPA2030"	244	"Coils"	"Coil"	"Coil"	243	244	"-"	"-"	"-"	""
"PPA2037"	153	"Coils"	"Coil"	"Coil"	89	116	"-"	"-"	"-"	""
"PPA2039"	221	"Coils"	"Coil"	"Coil"	52	86	"-"	"-"	"-"	""
"PPA2040"	617	"Coils"	"Coil"	"Coil"	224	251	"-"	"-"	"-"	""
"PPA2040"	617	"Coils"	"Coil"	"Coil"	481	510	"-"	"-"	"-"	""
"PPA2111"	364	"Coils"	"Coil"	"Coil"	275	302	"-"	"-"	"-"	""
"PPA2127"	405	"Coils"	"Coil"	"Coil"	294	314	"-"	"-"	"-"	""
"PPA2137"	780	"Coils"	"Coil"	"Coil"	328	348	"-"	"-"	"-"	""
"PPA2181"	455	"Coils"	"Coil"	"Coil"	438	455	"-"	"-"	"-"	""
"PPA2234"	644	"Coils"	"Coil"	"Coil"	561	581	"-"	"-"	"-"	""
"PPA2243"	132	"Coils"	"Coil"	"Coil"	112	132	"-"	"-"	"-"	""
"PPA2258"	868	"Coils"	"Coil"	"Coil"	628	648	"-"	"-"	"-"	""
"PPA2258"	868	"Coils"	"Coil"	"Coil"	365	385	"-"	"-"	"-"	""
"PPA2258"	868	"Coils"	"Coil"	"Coil"	204	224	"-"	"-"	"-"	""
"PPA2258"	868	"Coils"	"Coil"	"Coil"	538	583	"-"	"-"	"-"	""
"PPA2258"	868	"Coils"	"Coil"	"Coil"	249	286	"-"	"-"	"-"	""
"PPA2258"	868	"Coils"	"Coil"	"Coil"	307	352	"-"	"-"	"-"	""
"PPA2294"	302	"Coils"	"Coil"	"Coil"	296	302	"-"	"-"	"-"	""
"PPA2301"	507	"Coils"	"Coil"	"Coil"	425	452	"-"	"-"	"-"	""
"PPA2304"	515	"Coils"	"Coil"	"Coil"	514	515	"-"	"-"	"-"	""
