"GeneID"	"Annotation Score"
"PPA0003"	0
"PPA0005"	0
"PPA0011"	0
"PPA0013"	0
"PPA0020"	0
"PPA0032"	0
"PPA0033"	0
"PPA0038"	0
"PPA0050"	0
"PPA0051"	0
"PPA0082"	0
"PPA0093"	0
"PPA0111"	0
"PPA0113"	0
"PPA0114"	0
"PPA0120"	0
"PPA0121"	0
"PPA0133"	0
"PPA0137"	0
"PPA0150"	0
"PPA0151"	0
"PPA0159"	0
"PPA0160"	0
"PPA0171"	0
"PPA0172"	0
"PPA0197"	0
"PPA0201"	0
"PPA0203"	0
"PPA0233"	0
"PPA0236"	0
"PPA0248"	0
"PPA0262"	0
"PPA0265"	0
"PPA0266"	0
"PPA0268"	0
"PPA0270"	0
"PPA0274"	0
"PPA0291"	0
"PPA0310"	0
"PPA0320"	0
"PPA0332"	0
"PPA0385"	0
"PPA0388"	0
"PPA0390"	0
"PPA0394"	0
"PPA0408"	0
"PPA0414"	0
"PPA0424"	0
"PPA0444"	0
"PPA0445"	0
"PPA0448"	0
"PPA0449"	0
"PPA0452"	0
"PPA0460"	0
"PPA0475"	0
"PPA0479"	0
"PPA0481"	0
"PPA0486"	0
"PPA0496"	0
"PPA0532"	0
"PPA0533"	0
"PPA0534"	0
"PPA0542"	0
"PPA0544"	0
"PPA0551"	0
"PPA0562"	0
"PPA0567"	0
"PPA0602"	0
"PPA0611"	0
"PPA0614"	0
"PPA0631"	0
"PPA0652"	0
"PPA0662"	0
"PPA0663"	0
"PPA0669"	0
"PPA0670"	0
"PPA0688"	0
"PPA0696"	0
"PPA0706"	0
"PPA0723"	0
"PPA0745"	0
"PPA0789"	0
"PPA0795"	0
"PPA0799"	0
"PPA0800"	0
"PPA0810"	0
"PPA0811"	0
"PPA0822"	0
"PPA0840"	0
"PPA0841"	0
"PPA0853"	0
"PPA0854"	0
"PPA0855"	0
"PPA0856"	0
"PPA0866"	0
"PPA0867"	0
"PPA0891"	0
"PPA0905"	0
"PPA0930"	0
"PPA0933"	0
"PPA0935"	0
"PPA0946"	0
"PPA0959"	0
"PPA0970"	0
"PPA0971"	0
"PPA0972"	0
"PPA0991"	0
"PPA1011"	0
"PPA1024"	0
"PPA1037"	0
"PPA1038"	0
"PPA1052"	0
"PPA1055"	0
"PPA1082"	0
"PPA1097"	0
"PPA1119"	0
"PPA1127"	0
"PPA1136"	0
"PPA1139"	0
"PPA1143"	0
"PPA1145"	0
"PPA1151"	0
"PPA1170"	0
"PPA1177"	0
"PPA1197"	0
"PPA1230"	0
"PPA1234"	0
"PPA1262"	0
"PPA1281"	0
"PPA1282"	0
"PPA1283"	0
"PPA1294"	0
"PPA1297"	0
"PPA1298"	0
"PPA1301"	0
"PPA1303"	0
"PPA1306"	0
"PPA1307"	0
"PPA1309"	0
"PPA1313"	0
"PPA1321"	0
"PPA1324"	0
"PPA1330"	0
"PPA1331"	0
"PPA1332"	0
"PPA1344"	0
"PPA1345"	0
"PPA1358"	0
"PPA1380"	0
"PPA1391"	0
"PPA1392"	0
"PPA1393"	0
"PPA1397"	0
"PPA1450"	0
"PPA1458"	0
"PPA1462"	0
"PPA1469"	0
"PPA1480"	0
"PPA1481"	0
"PPA1496"	0
"PPA1516"	0
"PPA1531"	0
"PPA1534"	0
"PPA1537"	0
"PPA1578"	0
"PPA1584"	0
"PPA1585"	0
"PPA1589"	0
"PPA1597"	0
"PPA1605"	0
"PPA1606"	0
"PPA1607"	0
"PPA1608"	0
"PPA1617"	0
"PPA1622"	0
"PPA1628"	0
"PPA1660"	0
"PPA1666"	0
"PPA1667"	0
"PPA1692"	0
"PPA1695"	0
"PPA1706"	0
"PPA1710"	0
"PPA1718"	0
"PPA1720"	0
"PPA1742"	0
"PPA1745"	0
"PPA1746"	0
"PPA1757"	0
"PPA1771"	0
"PPA1777"	0
"PPA1788"	0
"PPA1800"	0
"PPA1806"	0
"PPA1807"	0
"PPA1841"	0
"PPA1868"	0
"PPA1874"	0
"PPA1877"	0
"PPA1881"	0
"PPA1913"	0
"PPA1914"	0
"PPA1917"	0
"PPA1918"	0
"PPA1980"	0
"PPA1985"	0
"PPA2010"	0
"PPA2041"	0
"PPA2044"	0
"PPA2071"	0
"PPA2072"	0
"PPA2086"	0
"PPA2087"	0
"PPA2109"	0
"PPA2111"	0
"PPA2119"	0
"PPA2123"	0
"PPA2126"	0
"PPA2140"	0
"PPA2141"	0
"PPA2144"	0
"PPA2171"	0
"PPA2173"	0
"PPA2180"	0
"PPA2194"	0
"PPA2199"	0
"PPA2222"	0
"PPA2263"	0
"PPA2264"	0
"PPA2289"	0
"PPA2290"	0
"PPA2300"	0
"PPA2343"	0
"PPA2345"	0
"PPA2348"	0
"PPA2356"	0
"PPA2360"	0
"PPA2361"	0
"PPA2362"	0
"PPA2364"	0
"PPA2365"	0
"PPA2366"	0
"PPA2367"	0
"PPA2369"	0
"PPA2370"	0
"PPA2371"	0
"PPA2372"	0
"PPA2373"	0
"PPA2374"	0
"PPA2375"	0
"PPA2376"	0
"PPA2378"	0
"PPA2379"	0
"PPA2380"	0
"PPA2381"	0
"PPA2384"	0
"PPA2385"	0
"PPA2386"	0
"PPA2387"	0
"PPA2388"	0
"PPA2389"	0
"PPA2390"	0
"PPA2391"	0
"PPA2392"	0
"PPA2394"	0
"PPA2395"	0
"PPA2397"	0
"PPA2398"	0
"PPA2400"	0
"PPA2402"	0
"PPA2404"	0
"PPA2405"	0
"PPA2406"	0
"PPA2291"	0
"PPA0001"	7
"PPA0002"	7
"PPA0004"	6
"PPA0008"	6
"PPA0009"	7
"PPA0010"	6
"PPA0012"	7
"PPA0015"	7
"PPA0016"	6
"PPA0017"	6
"PPA0018"	7
"PPA0019"	6
"PPA0021"	6
"PPA0022"	6
"PPA0023"	6
"PPA0025"	5
"PPA0031"	5
"PPA0034"	6
"PPA0037"	6
"PPA0041"	5
"PPA0042"	5
"PPA0043"	4
"PPA0048"	4
"PPA0049"	7
"PPA0053"	6
"PPA0054"	7
"PPA0055"	5
"PPA0057"	6
"PPA0058"	7
"PPA0059"	6
"PPA0060"	5
"PPA0062"	7
"PPA0066"	7
"PPA0068"	4
"PPA0069"	7
"PPA0070"	3
"PPA0071"	3
"PPA0072"	6
"PPA0074"	6
"PPA0076"	5
"PPA0077"	5
"PPA0078"	7
"PPA0079"	7
"PPA0080"	5
"PPA0081"	7
"PPA0084"	5
"PPA0085"	7
"PPA0087"	6
"PPA0088"	4
"PPA0089"	6
"PPA0090"	7
"PPA0091"	4
"PPA0092"	7
"PPA0094"	6
"PPA0095"	6
"PPA0096"	3
"PPA0097"	7
"PPA0098"	6
"PPA0099"	5
"PPA0100"	7
"PPA0101"	7
"PPA0102"	6
"PPA0103"	6
"PPA0104"	6
"PPA0106"	5
"PPA0107"	4
"PPA0108"	4
"PPA0109"	5
"PPA0110"	6
"PPA0112"	7
"PPA0115"	7
"PPA0116"	5
"PPA0117"	6
"PPA0118"	6
"PPA0119"	6
"PPA0122"	5
"PPA0125"	0
"PPA0127"	4
"PPA0128"	4
"PPA0130"	5
"PPA0135"	7
"PPA0136"	6
"PPA0138"	6
"PPA0139"	6
"PPA0142"	6
"PPA0144"	6
"PPA0145"	6
"PPA0147"	5
"PPA0148"	5
"PPA0149"	4
"PPA0154"	5
"PPA0155"	7
"PPA0157"	6
"PPA0158"	4
"PPA0161"	6
"PPA0162"	6
"PPA0163"	6
"PPA0164"	3
"PPA0165"	5
"PPA0166"	5
"PPA0167"	4
"PPA0169"	4
"PPA0170"	5
"PPA0173"	7
"PPA0174"	7
"PPA0175"	6
"PPA0176"	7
"PPA0177"	5
"PPA0179"	6
"PPA0180"	2
"PPA0181"	7
"PPA0182"	4
"PPA0183"	2
"PPA0184"	4
"PPA0186"	4
"PPA0188"	5
"PPA0189"	4
"PPA0196"	1
"PPA0199"	4
"PPA0200"	3
"PPA0204"	5
"PPA0206"	5
"PPA0207"	5
"PPA0208"	6
"PPA0209"	4
"PPA0210"	3
"PPA0213"	5
"PPA0216"	6
"PPA0217"	4
"PPA0220"	6
"PPA0222"	6
"PPA0223"	6
"PPA0224"	5
"PPA0227"	5
"PPA0237"	6
"PPA0240"	2
"PPA0241"	7
"PPA0243"	6
"PPA0244"	6
"PPA0246"	2
"PPA0249"	0
"PPA0250"	6
"PPA0252"	5
"PPA0256"	6
"PPA0257"	4
"PPA0258"	6
"PPA0259"	5
"PPA0260"	5
"PPA0261"	6
"PPA0263"	4
"PPA0271"	7
"PPA0272"	7
"PPA0273"	4
"PPA0276"	6
"PPA0277"	3
"PPA0278"	6
"PPA0279"	1
"PPA0280"	3
"PPA0281"	3
"PPA0282"	7
"PPA0283"	5
"PPA0284"	5
"PPA0287"	4
"PPA0288"	3
"PPA0292"	5
"PPA0293"	6
"PPA0294"	7
"PPA0296"	7
"PPA0298"	4
"PPA0300"	7
"PPA0301"	6
"PPA0302"	6
"PPA0303"	6
"PPA0304"	6
"PPA0306"	7
"PPA0307"	7
"PPA0308"	6
"PPA0311"	6
"PPA0313"	6
"PPA0314"	4
"PPA0316"	5
"PPA0317"	4
"PPA0318"	7
"PPA0319"	5
"PPA0321"	2
"PPA0323"	6
"PPA0324"	4
"PPA0325"	4
"PPA0326"	5
"PPA0327"	6
"PPA0328"	4
"PPA0330"	6
"PPA0333"	7
"PPA0335"	6
"PPA0337"	5
"PPA0338"	7
"PPA0339"	6
"PPA0341"	6
"PPA0342"	5
"PPA0343"	7
"PPA0344"	5
"PPA0346"	7
"PPA0347"	3
"PPA0349"	4
"PPA0350"	6
"PPA0351"	5
"PPA0352"	6
"PPA0353"	6
"PPA0354"	6
"PPA0355"	5
"PPA0357"	4
"PPA0359"	6
"PPA0360"	6
"PPA0361"	5
"PPA0363"	4
"PPA0364"	7
"PPA0365"	5
"PPA0366"	5
"PPA0367"	6
"PPA0368"	6
"PPA0369"	7
"PPA0370"	7
"PPA0371"	6
"PPA0377"	4
"PPA0380"	5
"PPA0381"	0
"PPA0382"	1
"PPA0384"	6
"PPA0386"	2
"PPA0387"	2
"PPA0395"	7
"PPA0396"	6
"PPA0397"	5
"PPA0399"	7
"PPA0400"	5
"PPA0402"	7
"PPA0404"	4
"PPA0405"	6
"PPA0406"	6
"PPA0409"	2
"PPA0410"	6
"PPA0411"	6
"PPA0415"	5
"PPA0416"	6
"PPA0417"	4
"PPA0418"	6
"PPA0419"	6
"PPA0423"	6
"PPA0425"	5
"PPA0426"	6
"PPA0428"	5
"PPA0429"	6
"PPA0430"	6
"PPA0433"	6
"PPA0434"	7
"PPA0436"	6
"PPA0437"	6
"PPA0438"	7
"PPA0439"	7
"PPA0440"	6
"PPA0441"	5
"PPA0443"	4
"PPA0447"	5
"PPA0450"	6
"PPA0451"	6
"PPA0453"	6
"PPA0454"	6
"PPA0455"	5
"PPA0456"	7
"PPA0457"	3
"PPA0461"	7
"PPA0462"	5
"PPA0464"	5
"PPA0465"	5
"PPA0470"	4
"PPA0471"	5
"PPA0472"	2
"PPA0473"	7
"PPA0476"	7
"PPA0477"	6
"PPA0478"	1
"PPA0480"	5
"PPA0483"	6
"PPA0484"	7
"PPA0485"	6
"PPA0487"	5
"PPA0488"	7
"PPA0489"	7
"PPA0491"	6
"PPA0493"	7
"PPA0498"	7
"PPA0499"	6
"PPA0500"	5
"PPA0502"	7
"PPA0507"	6
"PPA0508"	5
"PPA0509"	6
"PPA0510"	6
"PPA0511"	6
"PPA0513"	6
"PPA0515"	6
"PPA0516"	6
"PPA0517"	6
"PPA0519"	6
"PPA0520"	7
"PPA0523"	5
"PPA0525"	5
"PPA0526"	7
"PPA0527"	7
"PPA0530"	7
"PPA0531"	7
"PPA0535"	6
"PPA0536"	6
"PPA0537"	4
"PPA0539"	6
"PPA0540"	4
"PPA0541"	6
"PPA0545"	7
"PPA0547"	0
"PPA0548"	7
"PPA0549"	4
"PPA0553"	5
"PPA0554"	4
"PPA0555"	7
"PPA0556"	6
"PPA0557"	6
"PPA0558"	6
"PPA0559"	4
"PPA0561"	6
"PPA0563"	4
"PPA0564"	7
"PPA0566"	5
"PPA0568"	6
"PPA0569"	6
"PPA0571"	3
"PPA0572"	7
"PPA0573"	5
"PPA0574"	6
"PPA0577"	3
"PPA0579"	5
"PPA0580"	6
"PPA0581"	5
"PPA0582"	6
"PPA0583"	6
"PPA0584"	7
"PPA0585"	7
"PPA0586"	6
"PPA0587"	4
"PPA0588"	4
"PPA0590"	6
"PPA0591"	6
"PPA0592"	6
"PPA0593"	7
"PPA0595"	6
"PPA0596"	7
"PPA0597"	7
"PPA0598"	6
"PPA0599"	5
"PPA0600"	6
"PPA0601"	6
"PPA0608"	5
"PPA0609"	7
"PPA0610"	3
"PPA0612"	6
"PPA0615"	6
"PPA0616"	6
"PPA0617"	6
"PPA0620"	7
"PPA0621"	7
"PPA0624"	7
"PPA0625"	7
"PPA0626"	7
"PPA0627"	5
"PPA0628"	5
"PPA0632"	7
"PPA0634"	6
"PPA0636"	6
"PPA0638"	0
"PPA0640"	7
"PPA0641"	6
"PPA0642"	7
"PPA0644"	5
"PPA0645"	6
"PPA0646"	0
"PPA0648"	2
"PPA0650"	6
"PPA0651"	2
"PPA0656"	5
"PPA0657"	6
"PPA0658"	7
"PPA0660"	6
"PPA0661"	6
"PPA0664"	7
"PPA0665"	3
"PPA0666"	7
"PPA0667"	4
"PPA0668"	5
"PPA0671"	6
"PPA0674"	6
"PPA0675"	6
"PPA0676"	7
"PPA0677"	6
"PPA0678"	6
"PPA0680"	4
"PPA0681"	4
"PPA0682"	6
"PPA0683"	1
"PPA0684"	6
"PPA0685"	7
"PPA0686"	6
"PPA0687"	6
"PPA0689"	7
"PPA0690"	6
"PPA0692"	7
"PPA0693"	6
"PPA0698"	5
"PPA0701"	6
"PPA0702"	7
"PPA0703"	4
"PPA0708"	7
"PPA0710"	7
"PPA0711"	6
"PPA0712"	6
"PPA0713"	7
"PPA0719"	3
"PPA0720"	5
"PPA0722"	7
"PPA0726"	7
"PPA0728"	5
"PPA0729"	7
"PPA0730"	5
"PPA0732"	7
"PPA0737"	5
"PPA0738"	6
"PPA0739"	6
"PPA0742"	6
"PPA0743"	6
"PPA0744"	6
"PPA0747"	1
"PPA0748"	5
"PPA0749"	5
"PPA0750"	7
"PPA0752"	6
"PPA0753"	6
"PPA0754"	7
"PPA0755"	7
"PPA0756"	7
"PPA0757"	5
"PPA0758"	7
"PPA0759"	6
"PPA0760"	6
"PPA0761"	7
"PPA0762"	4
"PPA0763"	5
"PPA0764"	4
"PPA0767"	6
"PPA0768"	7
"PPA0769"	7
"PPA0770"	5
"PPA0771"	6
"PPA0773"	5
"PPA0774"	7
"PPA0777"	3
"PPA0778"	6
"PPA0780"	5
"PPA0781"	5
"PPA0782"	7
"PPA0783"	4
"PPA0784"	5
"PPA0785"	7
"PPA0786"	2
"PPA0787"	7
"PPA0788"	6
"PPA0791"	4
"PPA0792"	7
"PPA0793"	6
"PPA0794"	4
"PPA0796"	5
"PPA0797"	5
"PPA0803"	7
"PPA0804"	6
"PPA0805"	5
"PPA0807"	6
"PPA0808"	5
"PPA0812"	6
"PPA0813"	7
"PPA0814"	4
"PPA0815"	5
"PPA0816"	7
"PPA0817"	7
"PPA0818"	7
"PPA0820"	5
"PPA0821"	7
"PPA0823"	6
"PPA0827"	6
"PPA0829"	6
"PPA0830"	2
"PPA0832"	5
"PPA0833"	6
"PPA0834"	6
"PPA0835"	7
"PPA0837"	6
"PPA0838"	6
"PPA0843"	5
"PPA0844"	4
"PPA0845"	5
"PPA0846"	3
"PPA0847"	3
"PPA0848"	3
"PPA0849"	5
"PPA0859"	5
"PPA0860"	5
"PPA0861"	5
"PPA0862"	5
"PPA0863"	5
"PPA0864"	5
"PPA0865"	5
"PPA0869"	4
"PPA0877"	5
"PPA0878"	5
"PPA0880"	7
"PPA0881"	6
"PPA0882"	5
"PPA0883"	7
"PPA0884"	6
"PPA0885"	7
"PPA0886"	7
"PPA0887"	7
"PPA0888"	7
"PPA0892"	4
"PPA0893"	6
"PPA0894"	5
"PPA0897"	5
"PPA0898"	6
"PPA0901"	7
"PPA0902"	7
"PPA0903"	7
"PPA0904"	7
"PPA0906"	6
"PPA0907"	6
"PPA0908"	4
"PPA0909"	5
"PPA0910"	5
"PPA0912"	0
"PPA0913"	5
"PPA0915"	5
"PPA0916"	6
"PPA0917"	6
"PPA0919"	6
"PPA0920"	3
"PPA0921"	6
"PPA0923"	5
"PPA0924"	7
"PPA0927"	7
"PPA0931"	5
"PPA0932"	6
"PPA0936"	6
"PPA0937"	5
"PPA0939"	7
"PPA0941"	7
"PPA0942"	5
"PPA0944"	6
"PPA0947"	5
"PPA0948"	6
"PPA0949"	6
"PPA0951"	7
"PPA0952"	7
"PPA0953"	7
"PPA0954"	5
"PPA0955"	7
"PPA0956"	4
"PPA0957"	6
"PPA0958"	5
"PPA0961"	6
"PPA0963"	7
"PPA0964"	6
"PPA0965"	6
"PPA0966"	6
"PPA0967"	7
"PPA0968"	7
"PPA0974"	6
"PPA0978"	5
"PPA0979"	1
"PPA0980"	6
"PPA0982"	6
"PPA0983"	7
"PPA0984"	7
"PPA0987"	6
"PPA0989"	7
"PPA0990"	5
"PPA0992"	5
"PPA0993"	7
"PPA0995"	6
"PPA0997"	7
"PPA0998"	6
"PPA0999"	7
"PPA1000"	7
"PPA1001"	7
"PPA1002"	7
"PPA1003"	7
"PPA1004"	7
"PPA1006"	6
"PPA1007"	6
"PPA1009"	5
"PPA1012"	7
"PPA1013"	6
"PPA1014"	5
"PPA1017"	7
"PPA1018"	2
"PPA1019"	7
"PPA1020"	6
"PPA1021"	6
"PPA1023"	6
"PPA1026"	6
"PPA1029"	6
"PPA1030"	7
"PPA1031"	5
"PPA1032"	6
"PPA1033"	5
"PPA1034"	5
"PPA1042"	6
"PPA1043"	6
"PPA1044"	5
"PPA1045"	7
"PPA1046"	3
"PPA1048"	5
"PPA1049"	7
"PPA1050"	1
"PPA1051"	0
"PPA1053"	1
"PPA1054"	6
"PPA1056"	4
"PPA1057"	7
"PPA1058"	6
"PPA1059"	5
"PPA1060"	5
"PPA1061"	6
"PPA1062"	6
"PPA1063"	6
"PPA1064"	0
"PPA1065"	7
"PPA1066"	4
"PPA1068"	7
"PPA1069"	6
"PPA1072"	7
"PPA1076"	7
"PPA1078"	6
"PPA1080"	2
"PPA1081"	4
"PPA1085"	5
"PPA1086"	4
"PPA1090"	7
"PPA1092"	4
"PPA1093"	7
"PPA1094"	5
"PPA1096"	4
"PPA1098"	5
"PPA1104"	6
"PPA1105"	6
"PPA1107"	5
"PPA1108"	6
"PPA1109"	6
"PPA1111"	6
"PPA1112"	7
"PPA1113"	7
"PPA1122"	7
"PPA1123"	7
"PPA1124"	7
"PPA1125"	4
"PPA1126"	7
"PPA1130"	7
"PPA1131"	6
"PPA1132"	6
"PPA1134"	6
"PPA1135"	7
"PPA1142"	6
"PPA1146"	7
"PPA1147"	6
"PPA1148"	6
"PPA1149"	5
"PPA1150"	6
"PPA1152"	7
"PPA1153"	6
"PPA1154"	6
"PPA1155"	7
"PPA1156"	7
"PPA1158"	6
"PPA1159"	6
"PPA1160"	7
"PPA1161"	5
"PPA1162"	6
"PPA1163"	6
"PPA1164"	7
"PPA1165"	6
"PPA1166"	7
"PPA1168"	6
"PPA1169"	6
"PPA1171"	7
"PPA1172"	3
"PPA1173"	4
"PPA1175"	7
"PPA1176"	5
"PPA1178"	6
"PPA1180"	6
"PPA1181"	7
"PPA1182"	6
"PPA1183"	7
"PPA1184"	6
"PPA1187"	6
"PPA1189"	3
"PPA1190"	7
"PPA1192"	7
"PPA1193"	7
"PPA1195"	6
"PPA1196"	7
"PPA1198"	5
"PPA1199"	6
"PPA1200"	4
"PPA1203"	6
"PPA1205"	5
"PPA1206"	6
"PPA1207"	6
"PPA1208"	6
"PPA1209"	7
"PPA1211"	7
"PPA1213"	6
"PPA1214"	7
"PPA1217"	5
"PPA1218"	6
"PPA1221"	6
"PPA1222"	6
"PPA1223"	4
"PPA1225"	7
"PPA1226"	6
"PPA1227"	7
"PPA1228"	6
"PPA1231"	6
"PPA1232"	6
"PPA1235"	6
"PPA1236"	6
"PPA1238"	7
"PPA1239"	7
"PPA1240"	6
"PPA1241"	7
"PPA1242"	6
"PPA1243"	6
"PPA1244"	6
"PPA1245"	7
"PPA1249"	7
"PPA1252"	6
"PPA1253"	6
"PPA1254"	6
"PPA1256"	7
"PPA1258"	7
"PPA1259"	7
"PPA1261"	6
"PPA1265"	6
"PPA1267"	3
"PPA1268"	7
"PPA1270"	5
"PPA1272"	7
"PPA1273"	7
"PPA1275"	6
"PPA1276"	6
"PPA1277"	6
"PPA1280"	5
"PPA1284"	5
"PPA1287"	6
"PPA1288"	5
"PPA1289"	5
"PPA1290"	6
"PPA1291"	6
"PPA1304"	2
"PPA1311"	3
"PPA1315"	6
"PPA1316"	6
"PPA1317"	6
"PPA1318"	7
"PPA1322"	5
"PPA1326"	6
"PPA1327"	7
"PPA1329"	6
"PPA1333"	7
"PPA1336"	5
"PPA1337"	6
"PPA1339"	4
"PPA1340"	6
"PPA1342"	2
"PPA1346"	7
"PPA1347"	5
"PPA1348"	7
"PPA1349"	6
"PPA1350"	7
"PPA1351"	6
"PPA1352"	6
"PPA1353"	7
"PPA1354"	6
"PPA1355"	1
"PPA1356"	7
"PPA1357"	7
"PPA1359"	7
"PPA1361"	5
"PPA1362"	6
"PPA1363"	6
"PPA1365"	5
"PPA1367"	6
"PPA1372"	6
"PPA1373"	6
"PPA1374"	4
"PPA1376"	6
"PPA1377"	6
"PPA1378"	6
"PPA1381"	6
"PPA1383"	6
"PPA1385"	7
"PPA1387"	6
"PPA1388"	6
"PPA1390"	7
"PPA1394"	6
"PPA1395"	7
"PPA1398"	6
"PPA1399"	7
"PPA1400"	6
"PPA1402"	2
"PPA1404"	7
"PPA1405"	6
"PPA1406"	6
"PPA1407"	7
"PPA1408"	6
"PPA1409"	6
"PPA1412"	6
"PPA1413"	6
"PPA1414"	6
"PPA1415"	3
"PPA1417"	7
"PPA1418"	6
"PPA1419"	6
"PPA1420"	3
"PPA1421"	1
"PPA1423"	7
"PPA1424"	5
"PPA1427"	4
"PPA1428"	6
"PPA1429"	5
"PPA1430"	7
"PPA1432"	0
"PPA1433"	6
"PPA1434"	6
"PPA1435"	6
"PPA1437"	7
"PPA1438"	7
"PPA1439"	7
"PPA1440"	7
"PPA1443"	6
"PPA1444"	5
"PPA1445"	6
"PPA1446"	3
"PPA1447"	7
"PPA1448"	5
"PPA1449"	3
"PPA1451"	6
"PPA1452"	6
"PPA1454"	6
"PPA1455"	6
"PPA1456"	6
"PPA1459"	7
"PPA1460"	2
"PPA1463"	7
"PPA1465"	3
"PPA1466"	7
"PPA1467"	6
"PPA1468"	7
"PPA1470"	7
"PPA1471"	6
"PPA1472"	6
"PPA1474"	7
"PPA1475"	5
"PPA1476"	6
"PPA1478"	7
"PPA1479"	2
"PPA1483"	3
"PPA1484"	6
"PPA1485"	6
"PPA1486"	6
"PPA1487"	6
"PPA1488"	7
"PPA1489"	6
"PPA1492"	6
"PPA1493"	6
"PPA1494"	6
"PPA1495"	5
"PPA1497"	4
"PPA1499"	7
"PPA1501"	5
"PPA1503"	6
"PPA1504"	6
"PPA1505"	4
"PPA1506"	6
"PPA1509"	5
"PPA1510"	7
"PPA1512"	2
"PPA1513"	7
"PPA1514"	5
"PPA1515"	5
"PPA1517"	7
"PPA1518"	6
"PPA1519"	7
"PPA1520"	6
"PPA1521"	6
"PPA1522"	6
"PPA1523"	5
"PPA1524"	5
"PPA1525"	6
"PPA1526"	6
"PPA1527"	6
"PPA1528"	3
"PPA1529"	3
"PPA1530"	7
"PPA1532"	6
"PPA1533"	6
"PPA1535"	4
"PPA1538"	6
"PPA1539"	7
"PPA1543"	3
"PPA1544"	5
"PPA1546"	7
"PPA1548"	4
"PPA1549"	5
"PPA1550"	5
"PPA1553"	6
"PPA1554"	6
"PPA1555"	6
"PPA1556"	6
"PPA1557"	7
"PPA1559"	5
"PPA1560"	7
"PPA1563"	7
"PPA1564"	3
"PPA1565"	6
"PPA1566"	4
"PPA1567"	4
"PPA1568"	6
"PPA1569"	5
"PPA1570"	6
"PPA1571"	7
"PPA1572"	6
"PPA1573"	6
"PPA1574"	4
"PPA1575"	6
"PPA1579"	5
"PPA1586"	6
"PPA1587"	7
"PPA1591"	1
"PPA1592"	6
"PPA1594"	5
"PPA1595"	5
"PPA1596"	5
"PPA1599"	5
"PPA1603"	4
"PPA1604"	2
"PPA1609"	3
"PPA1615"	5
"PPA1616"	5
"PPA1621"	6
"PPA1623"	6
"PPA1624"	6
"PPA1625"	5
"PPA1626"	7
"PPA1627"	7
"PPA1629"	7
"PPA1630"	6
"PPA1631"	6
"PPA1633"	5
"PPA1634"	6
"PPA1635"	5
"PPA1636"	5
"PPA1637"	6
"PPA1642"	6
"PPA1643"	6
"PPA1644"	7
"PPA1650"	7
"PPA1651"	6
"PPA1652"	1
"PPA1657"	6
"PPA1658"	6
"PPA1662"	6
"PPA1668"	4
"PPA1669"	4
"PPA1670"	6
"PPA1671"	7
"PPA1672"	6
"PPA1675"	7
"PPA1676"	5
"PPA1677"	6
"PPA1680"	5
"PPA1681"	7
"PPA1682"	6
"PPA1683"	6
"PPA1685"	0
"PPA1686"	6
"PPA1687"	5
"PPA1689"	1
"PPA1690"	0
"PPA1691"	1
"PPA1694"	7
"PPA1696"	7
"PPA1697"	2
"PPA1698"	6
"PPA1699"	6
"PPA1700"	6
"PPA1701"	6
"PPA1702"	7
"PPA1704"	6
"PPA1707"	6
"PPA1709"	6
"PPA1711"	6
"PPA1721"	7
"PPA1722"	6
"PPA1723"	7
"PPA1726"	5
"PPA1728"	7
"PPA1729"	6
"PPA1730"	7
"PPA1731"	6
"PPA1732"	6
"PPA1733"	7
"PPA1734"	7
"PPA1736"	5
"PPA1738"	7
"PPA1739"	6
"PPA1740"	7
"PPA1743"	7
"PPA1747"	7
"PPA1748"	6
"PPA1749"	7
"PPA1750"	7
"PPA1751"	7
"PPA1752"	7
"PPA1754"	7
"PPA1755"	7
"PPA1756"	7
"PPA1758"	6
"PPA1759"	6
"PPA1760"	6
"PPA1761"	6
"PPA1763"	5
"PPA1764"	7
"PPA1765"	6
"PPA1766"	6
"PPA1767"	7
"PPA1768"	7
"PPA1769"	5
"PPA1770"	6
"PPA1772"	7
"PPA1773"	7
"PPA1776"	4
"PPA1778"	7
"PPA1779"	6
"PPA1780"	5
"PPA1783"	7
"PPA1784"	5
"PPA1786"	2
"PPA1787"	5
"PPA1790"	7
"PPA1791"	6
"PPA1792"	6
"PPA1793"	7
"PPA1794"	7
"PPA1796"	5
"PPA1799"	7
"PPA1801"	6
"PPA1802"	6
"PPA1803"	6
"PPA1805"	4
"PPA1808"	7
"PPA1809"	7
"PPA1810"	6
"PPA1812"	5
"PPA1813"	7
"PPA1816"	5
"PPA1817"	6
"PPA1818"	6
"PPA1819"	4
"PPA1820"	5
"PPA1822"	6
"PPA1824"	6
"PPA1825"	6
"PPA1826"	6
"PPA1827"	6
"PPA1828"	6
"PPA1829"	6
"PPA1831"	6
"PPA1832"	6
"PPA1833"	7
"PPA1834"	6
"PPA1835"	6
"PPA1839"	6
"PPA1842"	6
"PPA1843"	6
"PPA1844"	6
"PPA1845"	6
"PPA1846"	6
"PPA1848"	6
"PPA1849"	6
"PPA1850"	6
"PPA1851"	6
"PPA1852"	6
"PPA1853"	6
"PPA1855"	6
"PPA1856"	6
"PPA1857"	6
"PPA1858"	6
"PPA1859"	6
"PPA1860"	6
"PPA1861"	6
"PPA1862"	6
"PPA1863"	6
"PPA1865"	6
"PPA1866"	7
"PPA1869"	7
"PPA1870"	7
"PPA1871"	7
"PPA1872"	4
"PPA1873"	6
"PPA1875"	6
"PPA1876"	6
"PPA1878"	6
"PPA1883"	6
"PPA1884"	6
"PPA1885"	6
"PPA1887"	6
"PPA1889"	6
"PPA1890"	6
"PPA1891"	6
"PPA1893"	6
"PPA1894"	7
"PPA1895"	5
"PPA1896"	3
"PPA1897"	6
"PPA1898"	6
"PPA1899"	6
"PPA1900"	5
"PPA1901"	6
"PPA1902"	6
"PPA1903"	6
"PPA1904"	7
"PPA1905"	7
"PPA1909"	6
"PPA1911"	5
"PPA1915"	7
"PPA1919"	7
"PPA1921"	6
"PPA1922"	6
"PPA1923"	7
"PPA1924"	7
"PPA1925"	6
"PPA1926"	6
"PPA1928"	7
"PPA1929"	6
"PPA1930"	7
"PPA1931"	7
"PPA1932"	6
"PPA1933"	5
"PPA1934"	6
"PPA1935"	7
"PPA1936"	6
"PPA1939"	5
"PPA1940"	6
"PPA1942"	7
"PPA1943"	7
"PPA1944"	3
"PPA1945"	6
"PPA1947"	6
"PPA1948"	7
"PPA1950"	7
"PPA1952"	7
"PPA1953"	6
"PPA1957"	5
"PPA1959"	6
"PPA1960"	6
"PPA1961"	6
"PPA1964"	6
"PPA1965"	6
"PPA1966"	7
"PPA1968"	0
"PPA1969"	6
"PPA1970"	7
"PPA1971"	5
"PPA1972"	6
"PPA1973"	5
"PPA1975"	7
"PPA1976"	6
"PPA1977"	7
"PPA1979"	6
"PPA1981"	7
"PPA1986"	4
"PPA1987"	7
"PPA1988"	7
"PPA1989"	6
"PPA1990"	7
"PPA1991"	6
"PPA1992"	6
"PPA1993"	7
"PPA1994"	7
"PPA1996"	6
"PPA1997"	6
"PPA1998"	6
"PPA1999"	0
"PPA2002"	0
"PPA2003"	6
"PPA2004"	3
"PPA2005"	6
"PPA2006"	5
"PPA2007"	6
"PPA2008"	6
"PPA2011"	6
"PPA2013"	5
"PPA2014"	5
"PPA2017"	5
"PPA2020"	5
"PPA2021"	7
"PPA2022"	7
"PPA2024"	7
"PPA2026"	6
"PPA2030"	6
"PPA2031"	6
"PPA2032"	6
"PPA2033"	6
"PPA2036"	5
"PPA2038"	6
"PPA2039"	6
"PPA2040"	7
"PPA2045"	7
"PPA2048"	7
"PPA2049"	6
"PPA2052"	6
"PPA2054"	6
"PPA2055"	5
"PPA2056"	5
"PPA2057"	5
"PPA2059"	6
"PPA2060"	6
"PPA2061"	1
"PPA2062"	5
"PPA2064"	6
"PPA2065"	6
"PPA2066"	6
"PPA2070"	7
"PPA2073"	4
"PPA2076"	7
"PPA2078"	6
"PPA2082"	7
"PPA2091"	6
"PPA2092"	7
"PPA2093"	5
"PPA2094"	6
"PPA2095"	6
"PPA2096"	7
"PPA2097"	6
"PPA2098"	3
"PPA2099"	4
"PPA2103"	4
"PPA2104"	6
"PPA2105"	5
"PPA2106"	6
"PPA2108"	5
"PPA2110"	5
"PPA2115"	6
"PPA2116"	5
"PPA2117"	2
"PPA2118"	6
"PPA2121"	6
"PPA2122"	6
"PPA2125"	6
"PPA2127"	2
"PPA2128"	7
"PPA2129"	7
"PPA2130"	3
"PPA2131"	7
"PPA2134"	6
"PPA2135"	3
"PPA2136"	6
"PPA2137"	7
"PPA2138"	5
"PPA2147"	6
"PPA2148"	7
"PPA2149"	5
"PPA2150"	5
"PPA2157"	6
"PPA2158"	6
"PPA2160"	6
"PPA2161"	6
"PPA2162"	6
"PPA2163"	6
"PPA2165"	6
"PPA2166"	7
"PPA2167"	6
"PPA2169"	6
"PPA2170"	6
"PPA2174"	5
"PPA2175"	6
"PPA2177"	2
"PPA2181"	4
"PPA2183"	2
"PPA2184"	7
"PPA2185"	6
"PPA2186"	3
"PPA2187"	6
"PPA2188"	4
"PPA2190"	6
"PPA2191"	5
"PPA2192"	6
"PPA2193"	6
"PPA2200"	6
"PPA2201"	7
"PPA2205"	4
"PPA2206"	5
"PPA2209"	3
"PPA2210"	2
"PPA2211"	6
"PPA2216"	6
"PPA2217"	4
"PPA2218"	2
"PPA2219"	6
"PPA2220"	2
"PPA2221"	6
"PPA2223"	4
"PPA2225"	6
"PPA2227"	6
"PPA2228"	6
"PPA2229"	6
"PPA2230"	6
"PPA2231"	4
"PPA2232"	6
"PPA2233"	6
"PPA2236"	6
"PPA2239"	4
"PPA2240"	6
"PPA2243"	4
"PPA2244"	6
"PPA2245"	6
"PPA2248"	6
"PPA2249"	7
"PPA2250"	6
"PPA2259"	4
"PPA2260"	4
"PPA2261"	7
"PPA2265"	3
"PPA2266"	7
"PPA2267"	7
"PPA2268"	7
"PPA2269"	6
"PPA2271"	4
"PPA2272"	7
"PPA2273"	7
"PPA2274"	7
"PPA2276"	7
"PPA2279"	6
"PPA2280"	6
"PPA2281"	5
"PPA2282"	6
"PPA2283"	6
"PPA2284"	6
"PPA2285"	7
"PPA2286"	6
"PPA2287"	7
"PPA2288"	7
"PPA2292"	6
"PPA2293"	6
"PPA2294"	6
"PPA2295"	5
"PPA2296"	5
"PPA2297"	3
"PPA2299"	7
"PPA2302"	1
"PPA2304"	5
"PPA2305"	6
"PPA2306"	6
"PPA2307"	5
"PPA2308"	4
"PPA2309"	7
"PPA2312"	6
"PPA2313"	5
"PPA2314"	6
"PPA2318"	6
"PPA2319"	6
"PPA2320"	7
"PPA2322"	5
"PPA2323"	3
"PPA2324"	6
"PPA2325"	6
"PPA2327"	6
"PPA2328"	7
"PPA2329"	6
"PPA2330"	6
"PPA2331"	6
"PPA2333"	6
"PPA2338"	7
"PPA2339"	6
"PPA2340"	4
"PPA2342"	7
"PPA2344"	7
"PPA2347"	4
"PPA2349"	6
"PPA2350"	6
"PPA2351"	4
"PPA2352"	6
"PPA2353"	5
"PPA2396"	3
"PPA2399"	5
"PPA2407"	4
"PPA0105"	5
"PPA0126"	4
"PPA0131"	3
"PPA0140"	4
"PPA0156"	6
"PPA0168"	4
"PPA0178"	5
"PPA0185"	5
"PPA0202"	5
"PPA0219"	5
"PPA0290"	4
"PPA0299"	5
"PPA0305"	5
"PPA0312"	6
"PPA0315"	3
"PPA0340"	5
"PPA0348"	4
"PPA0495"	6
"PPA0497"	5
"PPA0503"	4
"PPA0505"	5
"PPA0522"	5
"PPA0529"	4
"PPA0543"	5
"PPA0578"	4
"PPA0607"	5
"PPA0622"	6
"PPA0623"	5
"PPA0647"	4
"PPA0673"	6
"PPA0679"	5
"PPA0705"	6
"PPA0718"	5
"PPA0721"	5
"PPA0740"	3
"PPA0746"	3
"PPA0776"	4
"PPA0790"	5
"PPA0798"	3
"PPA0809"	5
"PPA0819"	4
"PPA0824"	5
"PPA0831"	5
"PPA0852"	5
"PPA0858"	3
"PPA0895"	4
"PPA0911"	4
"PPA0925"	6
"PPA0928"	3
"PPA1785"	6
"PPA1789"	2
"PPA1823"	0
"PPA1836"	1
"PPA1838"	0
"PPA1867"	0
"PPA0029"	0
"PPA0040"	2
"PPA0052"	0
"PPA0056"	1
"PPA0065"	2
"PPA0073"	1
"PPA0190"	2
"PPA0192"	1
"PPA0193"	1
"PPA0198"	1
"PPA0214"	1
"PPA0215"	1
"PPA0226"	1
"PPA0232"	2
"PPA0234"	1
"PPA0235"	2
"PPA0242"	0
"PPA0251"	1
"PPA0264"	0
"PPA0267"	1
"PPA0275"	2
"PPA0331"	1
"PPA0345"	0
"PPA0358"	0
"PPA0391"	2
"PPA0393"	1
"PPA0482"	1
"PPA0490"	0
"PPA0492"	1
"PPA0514"	0
"PPA0552"	2
"PPA0560"	0
"PPA0576"	3
"PPA0613"	2
"PPA0655"	1
"PPA0672"	3
"PPA0695"	1
"PPA0697"	1
"PPA0699"	0
"PPA0704"	1
"PPA0715"	2
"PPA0716"	0
"PPA0734"	1
"PPA0751"	1
"PPA0802"	1
"PPA0825"	1
"PPA0842"	1
"PPA0889"	0
"PPA0934"	2
"PPA0943"	1
"PPA0988"	2
"PPA1027"	2
"PPA1047"	1
"PPA1067"	2
"PPA1091"	1
"PPA1095"	2
"PPA1099"	2
"PPA1120"	2
"PPA1121"	1
"PPA1128"	2
"PPA1129"	1
"PPA1138"	0
"PPA1157"	3
"PPA1174"	2
"PPA1186"	4
"PPA1202"	1
"PPA1204"	0
"PPA1212"	3
"PPA1246"	1
"PPA1260"	1
"PPA1263"	1
"PPA1278"	2
"PPA1279"	0
"PPA1293"	1
"PPA1295"	0
"PPA1299"	0
"PPA1300"	0
"PPA1305"	3
"PPA1341"	2
"PPA1386"	0
"PPA1403"	1
"PPA1416"	0
"PPA1490"	1
"PPA1491"	2
"PPA1500"	3
"PPA1502"	2
"PPA1540"	2
"PPA1583"	1
"PPA1590"	1
"PPA1593"	1
"PPA1602"	0
"PPA1613"	1
"PPA1618"	1
"PPA1649"	1
"PPA1664"	2
"PPA1684"	2
"PPA1703"	1
"PPA1708"	3
"PPA1715"	2
"PPA1737"	2
"PPA1744"	2
"PPA1753"	2
"PPA1762"	1
"PPA1774"	1
"PPA1775"	1
"PPA1879"	0
"PPA1880"	0
"PPA1882"	2
"PPA1910"	1
"PPA1916"	0
"PPA1941"	1
"PPA1955"	2
"PPA1958"	1
"PPA1974"	0
"PPA2012"	1
"PPA2015"	1
"PPA2089"	1
"PPA2090"	2
"PPA2101"	1
"PPA2102"	1
"PPA2107"	1
"PPA2132"	1
"PPA2195"	1
"PPA2198"	0
"PPA2226"	0
"PPA2246"	1
"PPA2335"	2
"PPA2336"	0
"PPA2354"	0
"PPA2355"	0
"PPA2368"	1
"PPA2377"	1
"PPA2383"	1
"PPA2393"	2
"PPA2403"	2
"PPA0014"	5
"PPA0030"	5
"PPA0039"	3
"PPA0044"	2
"PPA0046"	2
"PPA0047"	3
"PPA0061"	4
"PPA0063"	3
"PPA0064"	5
"PPA0067"	5
"PPA0075"	5
"PPA0083"	6
"PPA0086"	5
"PPA0129"	3
"PPA0132"	4
"PPA0134"	5
"PPA0141"	5
"PPA0143"	6
"PPA0146"	5
"PPA0152"	6
"PPA0187"	4
"PPA0191"	5
"PPA0194"	3
"PPA0195"	3
"PPA0205"	5
"PPA0211"	3
"PPA0212"	3
"PPA0218"	3
"PPA0221"	2
"PPA0225"	5
"PPA0228"	4
"PPA0229"	3
"PPA0230"	6
"PPA0231"	4
"PPA0238"	4
"PPA0245"	4
"PPA0247"	3
"PPA0255"	3
"PPA0285"	3
"PPA0286"	5
"PPA0289"	5
"PPA0295"	4
"PPA0329"	3
"PPA0334"	3
"PPA0336"	4
"PPA0356"	5
"PPA0372"	4
"PPA0373"	3
"PPA0376"	5
"PPA0378"	2
"PPA0379"	4
"PPA0383"	6
"PPA0389"	3
"PPA0392"	5
"PPA0398"	5
"PPA0403"	6
"PPA0407"	6
"PPA0412"	6
"PPA0413"	3
"PPA0420"	6
"PPA0421"	6
"PPA0422"	6
"PPA0427"	5
"PPA0432"	5
"PPA0435"	3
"PPA0442"	6
"PPA0446"	5
"PPA0458"	4
"PPA0459"	5
"PPA0463"	5
"PPA0466"	5
"PPA0467"	5
"PPA0468"	5
"PPA0469"	6
"PPA0474"	4
"PPA0494"	5
"PPA0501"	4
"PPA0504"	4
"PPA0506"	4
"PPA0512"	3
"PPA0518"	5
"PPA0521"	2
"PPA0524"	6
"PPA0528"	4
"PPA0538"	4
"PPA0546"	4
"PPA0550"	3
"PPA0565"	5
"PPA0570"	2
"PPA0575"	5
"PPA0589"	5
"PPA0594"	4
"PPA0603"	5
"PPA0604"	3
"PPA0605"	5
"PPA0606"	5
"PPA0618"	4
"PPA0619"	4
"PPA0629"	2
"PPA0630"	5
"PPA0633"	4
"PPA0635"	3
"PPA0637"	4
"PPA0639"	6
"PPA0643"	5
"PPA0649"	6
"PPA0653"	4
"PPA0659"	2
"PPA0691"	3
"PPA0694"	4
"PPA0700"	5
"PPA0707"	3
"PPA0709"	3
"PPA0714"	2
"PPA0717"	2
"PPA0724"	5
"PPA0725"	2
"PPA0727"	2
"PPA0731"	3
"PPA0733"	4
"PPA0735"	4
"PPA0741"	4
"PPA0765"	3
"PPA0766"	5
"PPA0772"	5
"PPA0775"	5
"PPA0779"	2
"PPA0806"	3
"PPA0826"	5
"PPA0836"	6
"PPA0839"	3
"PPA0850"	3
"PPA0851"	6
"PPA0870"	4
"PPA0871"	1
"PPA0873"	0
"PPA0874"	0
"PPA0875"	5
"PPA0876"	2
"PPA0879"	5
"PPA0896"	2
"PPA0914"	3
"PPA0918"	5
"PPA0922"	4
"PPA0926"	5
"PPA0929"	3
"PPA0938"	6
"PPA0940"	4
"PPA0945"	4
"PPA0950"	4
"PPA0960"	4
"PPA0962"	5
"PPA0969"	4
"PPA0973"	4
"PPA0975"	1
"PPA0976"	5
"PPA0977"	4
"PPA0985"	6
"PPA0986"	3
"PPA0994"	6
"PPA1005"	5
"PPA1008"	5
"PPA1010"	5
"PPA1015"	6
"PPA1016"	4
"PPA1022"	5
"PPA1025"	5
"PPA1028"	4
"PPA1035"	4
"PPA1036"	4
"PPA1039"	4
"PPA1040"	5
"PPA1073"	4
"PPA1077"	5
"PPA1079"	4
"PPA1083"	5
"PPA1084"	4
"PPA1087"	4
"PPA1088"	4
"PPA1089"	5
"PPA1100"	4
"PPA1101"	5
"PPA1102"	5
"PPA1103"	3
"PPA1106"	4
"PPA1110"	4
"PPA1114"	5
"PPA1115"	5
"PPA1116"	5
"PPA1117"	5
"PPA1118"	3
"PPA1133"	4
"PPA1137"	5
"PPA1140"	6
"PPA1141"	5
"PPA1144"	4
"PPA1167"	1
"PPA1179"	4
"PPA1185"	3
"PPA1188"	5
"PPA1191"	5
"PPA1194"	5
"PPA1201"	6
"PPA1210"	5
"PPA1215"	5
"PPA1216"	4
"PPA1220"	5
"PPA1224"	5
"PPA1229"	3
"PPA1233"	5
"PPA1237"	1
"PPA1247"	2
"PPA1248"	5
"PPA1250"	6
"PPA1257"	5
"PPA1264"	5
"PPA1266"	5
"PPA1269"	5
"PPA1271"	5
"PPA1274"	6
"PPA1285"	3
"PPA1286"	4
"PPA1292"	4
"PPA1296"	4
"PPA1308"	2
"PPA1310"	4
"PPA1312"	2
"PPA1314"	5
"PPA1319"	5
"PPA1320"	5
"PPA1323"	2
"PPA1325"	6
"PPA1328"	5
"PPA1334"	5
"PPA1335"	3
"PPA1338"	5
"PPA1360"	5
"PPA1364"	4
"PPA1366"	4
"PPA1368"	6
"PPA1371"	4
"PPA1375"	6
"PPA1379"	4
"PPA1382"	5
"PPA1384"	3
"PPA1389"	6
"PPA1396"	4
"PPA1401"	5
"PPA1410"	5
"PPA1422"	6
"PPA1425"	4
"PPA1431"	2
"PPA1441"	5
"PPA1442"	4
"PPA1453"	2
"PPA1457"	5
"PPA1461"	1
"PPA1464"	5
"PPA1477"	5
"PPA1482"	5
"PPA1498"	4
"PPA1507"	5
"PPA1508"	2
"PPA1511"	4
"PPA1536"	6
"PPA1545"	6
"PPA1547"	5
"PPA1552"	5
"PPA1558"	4
"PPA1561"	5
"PPA1577"	5
"PPA1598"	3
"PPA1610"	5
"PPA1611"	6
"PPA1612"	5
"PPA1614"	2
"PPA1620"	4
"PPA1632"	6
"PPA1638"	3
"PPA1639"	3
"PPA1640"	5
"PPA1641"	3
"PPA1645"	5
"PPA1653"	6
"PPA1654"	6
"PPA1661"	5
"PPA1663"	3
"PPA1665"	2
"PPA1673"	6
"PPA1674"	5
"PPA1678"	4
"PPA1688"	4
"PPA1693"	3
"PPA1705"	6
"PPA1712"	6
"PPA1716"	4
"PPA1717"	3
"PPA1719"	5
"PPA1724"	6
"PPA1725"	5
"PPA1727"	5
"PPA1735"	4
"PPA1741"	6
"PPA1781"	5
"PPA1782"	5
"PPA1814"	4
"PPA1815"	5
"PPA1821"	3
"PPA1837"	3
"PPA1840"	5
"PPA1892"	5
"PPA1906"	4
"PPA1907"	2
"PPA1908"	2
"PPA1920"	6
"PPA1938"	6
"PPA1946"	4
"PPA1949"	5
"PPA1951"	4
"PPA1954"	6
"PPA1962"	4
"PPA1967"	4
"PPA1978"	5
"PPA1982"	4
"PPA1983"	4
"PPA1984"	4
"PPA1995"	4
"PPA2000"	5
"PPA2009"	3
"PPA2016"	3
"PPA2018"	2
"PPA2023"	3
"PPA2025"	4
"PPA2027"	4
"PPA2028"	5
"PPA2034"	5
"PPA2035"	6
"PPA2037"	5
"PPA2042"	5
"PPA2043"	5
"PPA2046"	4
"PPA2047"	3
"PPA2050"	6
"PPA2051"	4
"PPA2053"	6
"PPA2058"	5
"PPA2063"	5
"PPA2075"	4
"PPA2077"	3
"PPA2081"	4
"PPA2083"	4
"PPA2084"	5
"PPA2085"	5
"PPA2088"	3
"PPA2112"	5
"PPA2113"	6
"PPA2114"	5
"PPA2120"	5
"PPA2133"	5
"PPA2139"	4
"PPA2142"	5
"PPA2143"	5
"PPA2145"	4
"PPA2146"	4
"PPA2151"	5
"PPA2152"	5
"PPA2153"	5
"PPA2154"	5
"PPA2155"	6
"PPA2156"	5
"PPA2164"	6
"PPA2168"	5
"PPA2172"	6
"PPA2176"	3
"PPA2178"	4
"PPA2179"	5
"PPA2182"	5
"PPA2189"	3
"PPA2202"	4
"PPA2203"	4
"PPA2204"	3
"PPA2207"	5
"PPA2208"	3
"PPA2212"	6
"PPA2213"	6
"PPA2214"	5
"PPA2215"	6
"PPA2224"	5
"PPA2234"	6
"PPA2235"	5
"PPA2237"	6
"PPA2238"	3
"PPA2242"	4
"PPA2247"	6
"PPA2251"	6
"PPA2252"	4
"PPA2253"	5
"PPA2254"	5
"PPA2256"	4
"PPA2257"	4
"PPA2258"	2
"PPA2262"	5
"PPA2270"	4
"PPA2275"	5
"PPA2277"	3
"PPA2278"	6
"PPA2298"	5
"PPA2301"	5
"PPA2303"	4
"PPA2310"	6
"PPA2311"	3
"PPA2315"	6
"PPA2321"	6
"PPA2326"	4
"PPA2332"	5
"PPA2334"	3
"PPA2337"	6
"PPA2341"	4
"PPA2346"	4
"PPA2359"	5
"PPA2382"	4
"PPA2401"	4
